Source File	Size	loadResources	load	generateSnapshots	load-configure	scan	loadDepInfo	loadInfo	checkR4R4B	generateNarratives	validate	loadLists	checkConformanceResources	checkConformanceResources2	checkConformanceResources3	generateLogicalMaps	validateExpressions	scanForUsageStats	checkURLsUnique	processProvenanceDetails	generate1	generate2	generateLogicals	makeDependencies	generateExampleZip	generateValidationPack	scanProfilesForR5	scanExamplesForR5
/fsh-generated/resources/ImplementationGuide-summary-reports.json	5092	-	0	0	0	0	0	0	10	58	0	0	0	0	0	0	0	1	0	0	53	38	0	0	0	1	0	0
fsh-generated/resources/Bundle-mii-bdl-measure-library-transaction-bundle.json	10833	9	19	0	0	0	0	0	0	4360	0	0	0	0	0	0	0	0	0	0	46	38	0	0	0	0	0	0
fsh-generated/resources/CodeSystem-summary-report-codes.json	612	7	0	0	1	0	0	0	1	14	0	0	0	0	0	0	0	0	0	0	10	280	0	0	0	0	0	0
fsh-generated/resources/Library-mii-lib-stratifier-age-gender.json	4325	7	0	0	0	0	0	0	0	10	0	0	0	0	0	0	0	0	0	0	25	9	0	0	0	1	0	0
fsh-generated/resources/Measure-mii-msr-summary-report-age-gender-cql.json	1907	7	0	0	0	0	0	0	0	1257	0	0	0	0	0	0	0	0	0	0	16	8	0	0	0	0	0	0
fsh-generated/resources/Measure-mii-msr-summary-report-composite-gender-age-cql.json	2485	7	0	0	0	0	0	0	1	631	0	0	0	0	0	0	0	0	0	0	16	7	0	0	0	0	0	0
fsh-generated/resources/Measure-mii-msr-summary-report-fhir-data-evaluator.json	1356	7	0	0	1	0	0	0	0	644	0	0	0	0	0	0	0	0	0	0	14	7	0	0	0	0	0	0
fsh-generated/resources/StructureDefinition-ext-R5-MeasureReport.gr.linkId.json	3092	7	0	7	0	0	0	0	1	35	0	0	1	0	0	0	0	0	0	0	39	513	0	0	0	1	0	0
fsh-generated/resources/StructureDefinition-ext-R5-MeasureReport.gr.po.linkId.json	3183	8	0	7	0	0	0	0	0	12	0	0	0	0	0	0	0	0	0	0	42	89	0	0	0	1	1	1
fsh-generated/resources/StructureDefinition-ext-R5-MeasureReport.gr.st.linkId.json	3183	4	0	11	0	0	0	0	0	5	0	0	0	0	0	0	0	0	0	0	40	71	0	0	0	1	0	0
fsh-generated/resources/StructureDefinition-ext-R5-MeasureReport.gr.st.st.co.value.json	3898	1	0	10	1	0	0	0	0	7	0	0	0	0	0	0	0	1	0	0	54	78	0	0	0	1	0	0
fsh-generated/resources/StructureDefinition-ext-R5-MeasureReport.gr.st.st.value.json	4110	2	0	10	0	0	0	0	0	6	0	0	0	0	0	0	0	0	0	0	58	73	0	0	0	1	0	0
